symbol,price,volume,timestamp
MSFT,414.54,333,2026-04-19T13:26:28.296067+00:00
symbol,price,volume,timestamp
GOOGL,139.74,153,2026-04-19T13:26:28.396680+00:00
symbol,price,volume,timestamp
GOOGL,140.01,376,2026-04-19T13:26:28.497312+00:00
symbol,price,volume,timestamp
TSLA,175.08,140,2026-04-19T13:26:28.597888+00:00
symbol,price,volume,timestamp
AMZN,185.37,497,2026-04-19T13:26:28.698357+00:00
symbol,price,volume,timestamp
AMZN,185.67,141,2026-04-19T13:26:28.798905+00:00
symbol,price,volume,timestamp
MSFT,414.78,197,2026-04-19T13:26:28.899497+00:00
symbol,price,volume,timestamp
TSLA,175.4,145,2026-04-19T13:26:29.000068+00:00
symbol,price,volume,timestamp
GOOGL,139.95,318,2026-04-19T13:26:29.100613+00:00
symbol,price,volume,timestamp
AMZN,185.69,486,2026-04-19T13:26:29.201245+00:00
symbol,price,volume,timestamp
GOOGL,139.54,188,2026-04-19T13:26:29.301742+00:00
symbol,price,volume,timestamp
TSLA,175.11,319,2026-04-19T13:26:29.402345+00:00
symbol,price,volume,timestamp
MSFT,414.47,141,2026-04-19T13:26:29.502969+00:00
symbol,price,volume,timestamp
AAPL,181.9,280,2026-04-19T13:26:29.603547+00:00
symbol,price,volume,timestamp
TSLA,174.76,167,2026-04-19T13:26:29.704131+00:00
symbol,price,volume,timestamp
MSFT,414.89,403,2026-04-19T13:26:29.804691+00:00
symbol,price,volume,timestamp
GOOGL,139.19,86,2026-04-19T13:26:29.905167+00:00
symbol,price,volume,timestamp
MSFT,414.9,309,2026-04-19T13:26:30.005658+00:00
symbol,price,volume,timestamp
AMZN,185.44,271,2026-04-19T13:26:30.106221+00:00
symbol,price,volume,timestamp
MSFT,415.37,239,2026-04-19T13:26:30.206832+00:00
symbol,price,volume,timestamp
AMZN,185.78,260,2026-04-19T13:26:30.307348+00:00
symbol,price,volume,timestamp
GOOGL,138.84,280,2026-04-19T13:26:30.407803+00:00
symbol,price,volume,timestamp
AMZN,185.79,415,2026-04-19T13:26:30.508297+00:00
symbol,price,volume,timestamp
TSLA,174.74,420,2026-04-19T13:26:30.608881+00:00
symbol,price,volume,timestamp
AMZN,185.86,142,2026-04-19T13:26:30.709404+00:00
symbol,price,volume,timestamp
MSFT,415.66,443,2026-04-19T13:26:30.810078+00:00
symbol,price,volume,timestamp
AAPL,182.31,54,2026-04-19T13:26:30.910658+00:00
symbol,price,volume,timestamp
MSFT,416.05,43,2026-04-19T13:26:31.011204+00:00
symbol,price,volume,timestamp
MSFT,416.08,75,2026-04-19T13:26:31.111777+00:00
symbol,price,volume,timestamp
GOOGL,138.47,272,2026-04-19T13:26:31.212342+00:00
symbol,price,volume,timestamp
TSLA,174.76,298,2026-04-19T13:26:31.312877+00:00
symbol,price,volume,timestamp
AMZN,185.99,352,2026-04-19T13:26:31.413399+00:00
symbol,price,volume,timestamp
TSLA,174.81,157,2026-04-19T13:26:31.514008+00:00
symbol,price,volume,timestamp
AMZN,186.28,115,2026-04-19T13:26:31.614506+00:00
symbol,price,volume,timestamp
AMZN,185.91,178,2026-04-19T13:26:31.715024+00:00
symbol,price,volume,timestamp
GOOGL,138.82,459,2026-04-19T13:26:31.815577+00:00
symbol,price,volume,timestamp
MSFT,416.17,223,2026-04-19T13:26:31.916070+00:00
symbol,price,volume,timestamp
MSFT,415.9,421,2026-04-19T13:26:32.016610+00:00
symbol,price,volume,timestamp
MSFT,415.42,234,2026-04-19T13:26:32.117072+00:00
symbol,price,volume,timestamp
AMZN,186.27,51,2026-04-19T13:26:32.217565+00:00
symbol,price,volume,timestamp
MSFT,415.84,284,2026-04-19T13:26:32.317919+00:00
symbol,price,volume,timestamp
TSLA,174.36,275,2026-04-19T13:26:32.418497+00:00
symbol,price,volume,timestamp
MSFT,415.41,75,2026-04-19T13:26:32.519034+00:00
symbol,price,volume,timestamp
MSFT,415.72,35,2026-04-19T13:26:32.619486+00:00
symbol,price,volume,timestamp
AAPL,182.32,137,2026-04-19T13:26:32.720092+00:00
symbol,price,volume,timestamp
AMZN,186.5,81,2026-04-19T13:26:32.820618+00:00
symbol,price,volume,timestamp
AMZN,186.98,447,2026-04-19T13:26:32.921168+00:00
symbol,price,volume,timestamp
AAPL,182.66,385,2026-04-19T13:26:33.021679+00:00
symbol,price,volume,timestamp
GOOGL,139.18,282,2026-04-19T13:26:33.122197+00:00
symbol,price,volume,timestamp
TSLA,174.12,371,2026-04-19T13:26:33.222680+00:00
symbol,price,volume,timestamp
AAPL,182.69,72,2026-04-19T13:26:33.323167+00:00
symbol,price,volume,timestamp
AAPL,182.82,410,2026-04-19T13:26:33.423710+00:00
symbol,price,volume,timestamp
GOOGL,139.03,368,2026-04-19T13:26:33.524287+00:00
symbol,price,volume,timestamp
MSFT,416.07,205,2026-04-19T13:26:33.624751+00:00
symbol,price,volume,timestamp
GOOGL,139.42,498,2026-04-19T13:26:33.725268+00:00
symbol,price,volume,timestamp
TSLA,173.8,159,2026-04-19T13:26:33.825811+00:00
symbol,price,volume,timestamp
AMZN,187.24,232,2026-04-19T13:26:33.926507+00:00
symbol,price,volume,timestamp
MSFT,416.57,405,2026-04-19T13:26:34.027026+00:00
symbol,price,volume,timestamp
GOOGL,139.15,216,2026-04-19T13:26:34.127565+00:00
symbol,price,volume,timestamp
AAPL,183.16,409,2026-04-19T13:26:34.228096+00:00
symbol,price,volume,timestamp
MSFT,416.6,229,2026-04-19T13:26:34.328616+00:00
symbol,price,volume,timestamp
MSFT,416.95,291,2026-04-19T13:26:34.429098+00:00
symbol,price,volume,timestamp
AMZN,187.07,188,2026-04-19T13:26:34.529652+00:00
symbol,price,volume,timestamp
AMZN,186.84,142,2026-04-19T13:26:34.630131+00:00
symbol,price,volume,timestamp
TSLA,174.1,308,2026-04-19T13:26:34.730815+00:00
symbol,price,volume,timestamp
GOOGL,139.13,424,2026-04-19T13:26:34.831361+00:00
symbol,price,volume,timestamp
TSLA,174.06,354,2026-04-19T13:26:34.931839+00:00
symbol,price,volume,timestamp
AAPL,183.13,228,2026-04-19T13:26:35.032356+00:00
symbol,price,volume,timestamp
GOOGL,139.3,104,2026-04-19T13:26:35.132834+00:00
symbol,price,volume,timestamp
TSLA,174.0,242,2026-04-19T13:26:35.233289+00:00
symbol,price,volume,timestamp
GOOGL,138.91,31,2026-04-19T13:26:35.333771+00:00
symbol,price,volume,timestamp
GOOGL,138.49,427,2026-04-19T13:26:35.434268+00:00
symbol,price,volume,timestamp
AAPL,182.67,15,2026-04-19T13:26:35.534792+00:00
symbol,price,volume,timestamp
TSLA,174.3,211,2026-04-19T13:26:35.635314+00:00
symbol,price,volume,timestamp
AAPL,183.16,27,2026-04-19T13:26:35.735921+00:00
symbol,price,volume,timestamp
GOOGL,138.06,229,2026-04-19T13:26:35.836472+00:00
symbol,price,volume,timestamp
GOOGL,137.8,115,2026-04-19T13:26:35.936997+00:00
symbol,price,volume,timestamp
MSFT,417.05,302,2026-04-19T13:26:36.037571+00:00
symbol,price,volume,timestamp
MSFT,417.41,292,2026-04-19T13:26:36.138101+00:00
symbol,price,volume,timestamp
GOOGL,137.53,357,2026-04-19T13:26:36.238713+00:00
symbol,price,volume,timestamp
AAPL,183.62,436,2026-04-19T13:26:36.339254+00:00
symbol,price,volume,timestamp
MSFT,417.61,454,2026-04-19T13:26:36.439801+00:00
symbol,price,volume,timestamp
GOOGL,137.15,456,2026-04-19T13:26:36.540310+00:00
symbol,price,volume,timestamp
TSLA,173.83,19,2026-04-19T13:26:36.640840+00:00
symbol,price,volume,timestamp
AAPL,183.96,480,2026-04-19T13:26:36.741642+00:00
symbol,price,volume,timestamp
GOOGL,137.01,299,2026-04-19T13:26:36.842112+00:00
symbol,price,volume,timestamp
AAPL,184.22,265,2026-04-19T13:26:36.942666+00:00
symbol,price,volume,timestamp
AAPL,183.77,258,2026-04-19T13:26:37.043187+00:00
symbol,price,volume,timestamp
GOOGL,136.66,90,2026-04-19T13:26:37.143769+00:00
symbol,price,volume,timestamp
AMZN,187.31,190,2026-04-19T13:26:37.244453+00:00
symbol,price,volume,timestamp
MSFT,417.9,11,2026-04-19T13:26:37.344933+00:00
symbol,price,volume,timestamp
GOOGL,136.46,241,2026-04-19T13:26:37.445526+00:00
symbol,price,volume,timestamp
AMZN,187.28,187,2026-04-19T13:26:37.546067+00:00
symbol,price,volume,timestamp
MSFT,418.32,436,2026-04-19T13:26:37.646577+00:00
symbol,price,volume,timestamp
MSFT,418.55,230,2026-04-19T13:26:37.747152+00:00
symbol,price,volume,timestamp
AAPL,183.75,136,2026-04-19T13:26:37.847726+00:00
symbol,price,volume,timestamp
AMZN,187.3,349,2026-04-19T13:26:37.948247+00:00
symbol,price,volume,timestamp
GOOGL,136.62,141,2026-04-19T13:26:38.048749+00:00
symbol,price,volume,timestamp
AMZN,187.08,60,2026-04-19T13:26:38.149302+00:00
symbol,price,volume,timestamp
TSLA,173.52,329,2026-04-19T13:26:38.249924+00:00
symbol,price,volume,timestamp
GOOGL,136.61,34,2026-04-19T13:26:38.350562+00:00
symbol,price,volume,timestamp
MSFT,419.02,94,2026-04-19T13:26:38.451132+00:00
symbol,price,volume,timestamp
AMZN,187.0,242,2026-04-19T13:26:38.551779+00:00
symbol,price,volume,timestamp
AAPL,184.23,483,2026-04-19T13:26:38.652284+00:00
symbol,price,volume,timestamp
MSFT,419.37,87,2026-04-19T13:26:38.752817+00:00
symbol,price,volume,timestamp
TSLA,173.71,218,2026-04-19T13:26:38.853453+00:00
symbol,price,volume,timestamp
MSFT,419.08,218,2026-04-19T13:26:38.953897+00:00
symbol,price,volume,timestamp
AMZN,187.21,428,2026-04-19T13:26:39.054395+00:00
symbol,price,volume,timestamp
GOOGL,136.69,219,2026-04-19T13:26:39.154911+00:00
symbol,price,volume,timestamp
AMZN,187.0,140,2026-04-19T13:26:39.255419+00:00
symbol,price,volume,timestamp
AAPL,183.81,118,2026-04-19T13:26:39.355948+00:00
symbol,price,volume,timestamp
AMZN,187.09,245,2026-04-19T13:26:39.456602+00:00
symbol,price,volume,timestamp
MSFT,419.23,372,2026-04-19T13:26:39.557290+00:00
symbol,price,volume,timestamp
AMZN,186.76,496,2026-04-19T13:26:39.657785+00:00
symbol,price,volume,timestamp
AAPL,183.58,355,2026-04-19T13:26:39.758264+00:00
symbol,price,volume,timestamp
AMZN,186.82,206,2026-04-19T13:26:39.858801+00:00
symbol,price,volume,timestamp
MSFT,419.16,478,2026-04-19T13:26:39.959383+00:00
symbol,price,volume,timestamp
AAPL,183.69,255,2026-04-19T13:26:40.060110+00:00
symbol,price,volume,timestamp
AMZN,187.01,169,2026-04-19T13:26:40.160631+00:00
symbol,price,volume,timestamp
AAPL,183.84,184,2026-04-19T13:26:40.261184+00:00
symbol,price,volume,timestamp
AAPL,183.35,395,2026-04-19T13:26:40.361819+00:00
symbol,price,volume,timestamp
AAPL,183.56,403,2026-04-19T13:26:40.462279+00:00
symbol,price,volume,timestamp
MSFT,419.53,366,2026-04-19T13:26:40.562845+00:00
symbol,price,volume,timestamp
GOOGL,136.41,96,2026-04-19T13:26:40.663343+00:00
symbol,price,volume,timestamp
TSLA,173.87,239,2026-04-19T13:26:40.763867+00:00
symbol,price,volume,timestamp
AMZN,187.19,88,2026-04-19T13:26:40.864394+00:00
symbol,price,volume,timestamp
AMZN,187.33,247,2026-04-19T13:26:40.964890+00:00
symbol,price,volume,timestamp
MSFT,419.73,266,2026-04-19T13:26:41.065340+00:00
symbol,price,volume,timestamp
TSLA,174.05,93,2026-04-19T13:26:41.165992+00:00
symbol,price,volume,timestamp
TSLA,174.48,105,2026-04-19T13:26:41.266586+00:00
symbol,price,volume,timestamp
AMZN,186.95,321,2026-04-19T13:26:41.367126+00:00
symbol,price,volume,timestamp
GOOGL,136.76,460,2026-04-19T13:26:41.467651+00:00
symbol,price,volume,timestamp
AMZN,187.32,215,2026-04-19T13:26:41.568160+00:00
symbol,price,volume,timestamp
GOOGL,136.28,139,2026-04-19T13:26:41.668718+00:00
symbol,price,volume,timestamp
GOOGL,135.94,160,2026-04-19T13:26:41.769322+00:00
symbol,price,volume,timestamp
AMZN,187.17,107,2026-04-19T13:26:41.869864+00:00
symbol,price,volume,timestamp
AMZN,187.52,477,2026-04-19T13:26:41.970404+00:00
symbol,price,volume,timestamp
AAPL,183.43,436,2026-04-19T13:26:42.070927+00:00
symbol,price,volume,timestamp
GOOGL,136.34,251,2026-04-19T13:26:42.171539+00:00
symbol,price,volume,timestamp
MSFT,419.59,478,2026-04-19T13:26:42.271993+00:00
symbol,price,volume,timestamp
AAPL,183.57,475,2026-04-19T13:26:42.372552+00:00
symbol,price,volume,timestamp
TSLA,174.27,445,2026-04-19T13:26:42.473281+00:00
symbol,price,volume,timestamp
TSLA,174.22,82,2026-04-19T13:26:42.574180+00:00
symbol,price,volume,timestamp
AAPL,183.59,104,2026-04-19T13:26:42.674887+00:00
symbol,price,volume,timestamp
AAPL,183.32,284,2026-04-19T13:26:42.775327+00:00
symbol,price,volume,timestamp
AAPL,182.99,106,2026-04-19T13:26:42.875824+00:00
symbol,price,volume,timestamp
AAPL,182.97,382,2026-04-19T13:26:42.976305+00:00
symbol,price,volume,timestamp
AAPL,183.43,457,2026-04-19T13:26:43.076934+00:00
symbol,price,volume,timestamp
GOOGL,135.94,310,2026-04-19T13:26:43.177519+00:00
symbol,price,volume,timestamp
AAPL,183.28,403,2026-04-19T13:26:43.278157+00:00
symbol,price,volume,timestamp
GOOGL,135.46,26,2026-04-19T13:26:43.378828+00:00
symbol,price,volume,timestamp
AMZN,187.74,56,2026-04-19T13:26:43.479424+00:00
symbol,price,volume,timestamp
AAPL,182.87,401,2026-04-19T13:26:43.580087+00:00
symbol,price,volume,timestamp
AMZN,188.06,274,2026-04-19T13:26:43.680797+00:00
symbol,price,volume,timestamp
AMZN,188.25,350,2026-04-19T13:26:43.781296+00:00
symbol,price,volume,timestamp
TSLA,174.03,93,2026-04-19T13:26:43.881951+00:00
symbol,price,volume,timestamp
GOOGL,135.43,322,2026-04-19T13:26:43.982539+00:00
symbol,price,volume,timestamp
AAPL,182.52,353,2026-04-19T13:26:44.083222+00:00
symbol,price,volume,timestamp
MSFT,419.75,128,2026-04-19T13:26:44.183921+00:00
symbol,price,volume,timestamp
AAPL,182.14,442,2026-04-19T13:26:44.284437+00:00
symbol,price,volume,timestamp
TSLA,174.03,456,2026-04-19T13:26:44.384966+00:00
symbol,price,volume,timestamp
AMZN,188.25,404,2026-04-19T13:26:44.485501+00:00
symbol,price,volume,timestamp
GOOGL,134.93,165,2026-04-19T13:26:44.586019+00:00
symbol,price,volume,timestamp
MSFT,420.11,321,2026-04-19T13:26:44.686584+00:00
symbol,price,volume,timestamp
MSFT,419.7,287,2026-04-19T13:26:44.787112+00:00
symbol,price,volume,timestamp
AAPL,182.3,98,2026-04-19T13:26:44.887671+00:00
symbol,price,volume,timestamp
TSLA,173.7,365,2026-04-19T13:26:44.988252+00:00
symbol,price,volume,timestamp
MSFT,419.92,40,2026-04-19T13:26:45.088983+00:00
symbol,price,volume,timestamp
GOOGL,135.31,393,2026-04-19T13:26:45.189527+00:00
symbol,price,volume,timestamp
GOOGL,135.29,191,2026-04-19T13:26:45.290121+00:00
symbol,price,volume,timestamp
GOOGL,135.58,198,2026-04-19T13:26:45.390876+00:00
symbol,price,volume,timestamp
TSLA,173.29,111,2026-04-19T13:26:45.491427+00:00
symbol,price,volume,timestamp
MSFT,419.54,480,2026-04-19T13:26:45.591942+00:00
symbol,price,volume,timestamp
AAPL,182.08,221,2026-04-19T13:26:45.692428+00:00
symbol,price,volume,timestamp
TSLA,172.82,134,2026-04-19T13:26:45.792962+00:00
symbol,price,volume,timestamp
MSFT,419.95,65,2026-04-19T13:26:45.893487+00:00
symbol,price,volume,timestamp
GOOGL,135.77,297,2026-04-19T13:26:45.994022+00:00
symbol,price,volume,timestamp
MSFT,419.82,39,2026-04-19T13:26:46.094536+00:00
symbol,price,volume,timestamp
GOOGL,135.46,444,2026-04-19T13:26:46.195024+00:00
symbol,price,volume,timestamp
GOOGL,135.22,25,2026-04-19T13:26:46.295722+00:00
symbol,price,volume,timestamp
GOOGL,135.26,55,2026-04-19T13:26:46.396215+00:00
symbol,price,volume,timestamp
GOOGL,135.04,238,2026-04-19T13:26:46.496768+00:00
symbol,price,volume,timestamp
AMZN,188.38,337,2026-04-19T13:26:46.597339+00:00
symbol,price,volume,timestamp
AAPL,181.82,346,2026-04-19T13:26:46.697907+00:00
symbol,price,volume,timestamp
AMZN,188.63,441,2026-04-19T13:26:46.798385+00:00
symbol,price,volume,timestamp
TSLA,172.6,13,2026-04-19T13:26:46.898932+00:00
symbol,price,volume,timestamp
AMZN,188.5,392,2026-04-19T13:26:46.999473+00:00
symbol,price,volume,timestamp
MSFT,420.13,117,2026-04-19T13:26:47.099984+00:00
symbol,price,volume,timestamp
GOOGL,135.33,434,2026-04-19T13:26:47.200509+00:00
symbol,price,volume,timestamp
MSFT,420.1,205,2026-04-19T13:26:47.301123+00:00
symbol,price,volume,timestamp
TSLA,172.8,35,2026-04-19T13:26:47.401848+00:00
symbol,price,volume,timestamp
GOOGL,135.49,160,2026-04-19T13:26:47.502513+00:00
symbol,price,volume,timestamp
AAPL,181.4,184,2026-04-19T13:26:47.603064+00:00
symbol,price,volume,timestamp
AAPL,181.85,395,2026-04-19T13:26:47.703565+00:00
symbol,price,volume,timestamp
MSFT,420.1,315,2026-04-19T13:26:47.804014+00:00
symbol,price,volume,timestamp
MSFT,420.33,47,2026-04-19T13:26:47.904535+00:00
symbol,price,volume,timestamp
AMZN,188.41,68,2026-04-19T13:26:48.005060+00:00
symbol,price,volume,timestamp
AMZN,188.25,215,2026-04-19T13:26:48.105537+00:00
symbol,price,volume,timestamp
AMZN,188.42,218,2026-04-19T13:26:48.206050+00:00
symbol,price,volume,timestamp
AMZN,188.23,237,2026-04-19T13:26:48.306655+00:00
symbol,price,volume,timestamp
TSLA,172.56,238,2026-04-19T13:26:48.407143+00:00
symbol,price,volume,timestamp
GOOGL,135.63,254,2026-04-19T13:26:48.507870+00:00
symbol,price,volume,timestamp
GOOGL,135.52,84,2026-04-19T13:26:48.608381+00:00
symbol,price,volume,timestamp
AAPL,181.56,243,2026-04-19T13:26:48.708820+00:00
symbol,price,volume,timestamp
TSLA,172.29,276,2026-04-19T13:26:48.809402+00:00
symbol,price,volume,timestamp
AMZN,187.8,388,2026-04-19T13:26:48.910084+00:00
symbol,price,volume,timestamp
GOOGL,135.08,458,2026-04-19T13:26:49.010673+00:00
symbol,price,volume,timestamp
MSFT,420.52,168,2026-04-19T13:26:49.111195+00:00
symbol,price,volume,timestamp
GOOGL,135.37,47,2026-04-19T13:26:49.211680+00:00
symbol,price,volume,timestamp
AAPL,181.85,378,2026-04-19T13:26:49.312238+00:00
symbol,price,volume,timestamp
TSLA,172.19,75,2026-04-19T13:26:49.412826+00:00
symbol,price,volume,timestamp
AMZN,188.1,250,2026-04-19T13:26:49.513532+00:00
symbol,price,volume,timestamp
TSLA,171.78,377,2026-04-19T13:26:49.614105+00:00
symbol,price,volume,timestamp
GOOGL,135.78,500,2026-04-19T13:26:49.714656+00:00
symbol,price,volume,timestamp
MSFT,420.24,143,2026-04-19T13:26:49.815162+00:00
symbol,price,volume,timestamp
TSLA,171.63,496,2026-04-19T13:26:49.915709+00:00
symbol,price,volume,timestamp
AMZN,188.4,323,2026-04-19T13:26:50.016147+00:00
symbol,price,volume,timestamp
MSFT,420.69,71,2026-04-19T13:26:50.116623+00:00
symbol,price,volume,timestamp
GOOGL,135.99,297,2026-04-19T13:26:50.217137+00:00
symbol,price,volume,timestamp
AAPL,182.32,292,2026-04-19T13:26:50.317633+00:00
symbol,price,volume,timestamp
TSLA,171.4,497,2026-04-19T13:26:50.418093+00:00
symbol,price,volume,timestamp
AAPL,182.81,284,2026-04-19T13:26:50.518720+00:00
symbol,price,volume,timestamp
MSFT,420.61,433,2026-04-19T13:26:50.619354+00:00
symbol,price,volume,timestamp
TSLA,171.82,260,2026-04-19T13:26:50.719899+00:00
symbol,price,volume,timestamp
GOOGL,136.19,136,2026-04-19T13:26:50.820381+00:00
symbol,price,volume,timestamp
GOOGL,135.85,163,2026-04-19T13:26:50.920918+00:00
symbol,price,volume,timestamp
GOOGL,135.85,15,2026-04-19T13:26:51.021481+00:00
symbol,price,volume,timestamp
TSLA,172.0,22,2026-04-19T13:26:51.121940+00:00
symbol,price,volume,timestamp
AAPL,182.52,278,2026-04-19T13:26:51.222561+00:00
symbol,price,volume,timestamp
AAPL,182.65,288,2026-04-19T13:26:51.322980+00:00
symbol,price,volume,timestamp
AMZN,187.91,283,2026-04-19T13:26:51.423467+00:00
symbol,price,volume,timestamp
GOOGL,136.26,248,2026-04-19T13:26:51.524013+00:00
symbol,price,volume,timestamp
GOOGL,135.84,445,2026-04-19T13:26:51.624687+00:00
symbol,price,volume,timestamp
AAPL,182.52,480,2026-04-19T13:26:51.725321+00:00
symbol,price,volume,timestamp
AMZN,188.2,44,2026-04-19T13:26:51.825792+00:00
symbol,price,volume,timestamp
MSFT,420.36,115,2026-04-19T13:26:51.926733+00:00
symbol,price,volume,timestamp
AAPL,182.38,338,2026-04-19T13:26:52.027490+00:00
symbol,price,volume,timestamp
AMZN,188.24,20,2026-04-19T13:26:52.128086+00:00
symbol,price,volume,timestamp
AMZN,188.08,449,2026-04-19T13:26:52.228588+00:00
symbol,price,volume,timestamp
AMZN,188.29,43,2026-04-19T13:26:52.328980+00:00
symbol,price,volume,timestamp
GOOGL,136.01,276,2026-04-19T13:26:52.429472+00:00
symbol,price,volume,timestamp
GOOGL,136.31,30,2026-04-19T13:26:52.529997+00:00
symbol,price,volume,timestamp
AMZN,188.73,72,2026-04-19T13:26:52.630528+00:00
symbol,price,volume,timestamp
GOOGL,136.55,104,2026-04-19T13:26:52.731071+00:00
symbol,price,volume,timestamp
AAPL,182.14,326,2026-04-19T13:26:52.831563+00:00
symbol,price,volume,timestamp
GOOGL,136.26,355,2026-04-19T13:26:52.932101+00:00
symbol,price,volume,timestamp
MSFT,420.19,17,2026-04-19T13:26:53.032630+00:00
symbol,price,volume,timestamp
TSLA,172.16,71,2026-04-19T13:26:53.133200+00:00
symbol,price,volume,timestamp
AAPL,182.37,269,2026-04-19T13:26:53.233748+00:00
symbol,price,volume,timestamp
TSLA,172.02,27,2026-04-19T13:26:53.334329+00:00
symbol,price,volume,timestamp
MSFT,420.18,411,2026-04-19T13:26:53.435011+00:00
symbol,price,volume,timestamp
MSFT,420.49,289,2026-04-19T13:26:53.535547+00:00
symbol,price,volume,timestamp
AAPL,181.93,41,2026-04-19T13:26:53.636038+00:00
symbol,price,volume,timestamp
AAPL,181.81,231,2026-04-19T13:26:53.736553+00:00
symbol,price,volume,timestamp
TSLA,172.09,192,2026-04-19T13:26:53.837053+00:00
symbol,price,volume,timestamp
TSLA,172.46,487,2026-04-19T13:26:53.937720+00:00
symbol,price,volume,timestamp
AAPL,181.63,195,2026-04-19T13:26:54.038309+00:00
symbol,price,volume,timestamp
TSLA,171.96,82,2026-04-19T13:26:54.138918+00:00
symbol,price,volume,timestamp
AMZN,189.05,289,2026-04-19T13:26:54.239540+00:00
symbol,price,volume,timestamp
GOOGL,136.09,232,2026-04-19T13:26:54.340329+00:00
symbol,price,volume,timestamp
MSFT,420.31,326,2026-04-19T13:26:54.440866+00:00
symbol,price,volume,timestamp
AMZN,189.44,472,2026-04-19T13:26:54.541409+00:00
symbol,price,volume,timestamp
MSFT,420.55,222,2026-04-19T13:26:54.641958+00:00
symbol,price,volume,timestamp
AMZN,189.14,482,2026-04-19T13:26:54.742614+00:00
symbol,price,volume,timestamp
TSLA,171.48,204,2026-04-19T13:26:54.841713+00:00
symbol,price,volume,timestamp
AMZN,189.11,259,2026-04-19T13:26:54.942205+00:00
symbol,price,volume,timestamp
AMZN,188.92,154,2026-04-19T13:26:55.042971+00:00
symbol,price,volume,timestamp
MSFT,420.3,307,2026-04-19T13:26:55.143696+00:00
symbol,price,volume,timestamp
AMZN,188.95,235,2026-04-19T13:26:55.244218+00:00
symbol,price,volume,timestamp
MSFT,420.5,19,2026-04-19T13:26:55.344671+00:00
symbol,price,volume,timestamp
TSLA,171.29,468,2026-04-19T13:26:55.445280+00:00
symbol,price,volume,timestamp
TSLA,171.39,288,2026-04-19T13:26:55.545842+00:00
symbol,price,volume,timestamp
MSFT,420.02,327,2026-04-19T13:26:55.646380+00:00
symbol,price,volume,timestamp
AMZN,188.98,263,2026-04-19T13:26:55.746914+00:00
symbol,price,volume,timestamp
TSLA,171.02,189,2026-04-19T13:26:55.847437+00:00
symbol,price,volume,timestamp
TSLA,171.13,147,2026-04-19T13:26:55.947967+00:00
symbol,price,volume,timestamp
AAPL,182.09,467,2026-04-19T13:26:56.048419+00:00
symbol,price,volume,timestamp
AMZN,189.31,299,2026-04-19T13:26:56.148925+00:00
symbol,price,volume,timestamp
AAPL,181.77,111,2026-04-19T13:26:56.249410+00:00
symbol,price,volume,timestamp
GOOGL,136.34,486,2026-04-19T13:26:56.349879+00:00
symbol,price,volume,timestamp
AMZN,189.7,462,2026-04-19T13:26:56.450367+00:00
symbol,price,volume,timestamp
AMZN,190.05,484,2026-04-19T13:26:56.550840+00:00
symbol,price,volume,timestamp
MSFT,420.42,163,2026-04-19T13:26:56.651375+00:00
symbol,price,volume,timestamp
AAPL,181.48,55,2026-04-19T13:26:56.751999+00:00
symbol,price,volume,timestamp
AAPL,181.13,195,2026-04-19T13:26:56.852651+00:00
symbol,price,volume,timestamp
AAPL,180.7,193,2026-04-19T13:26:56.953116+00:00
symbol,price,volume,timestamp
MSFT,420.85,453,2026-04-19T13:26:57.053608+00:00
symbol,price,volume,timestamp
AAPL,180.78,475,2026-04-19T13:26:57.154159+00:00
symbol,price,volume,timestamp
AMZN,190.03,17,2026-04-19T13:26:57.254693+00:00
symbol,price,volume,timestamp
MSFT,421.01,19,2026-04-19T13:26:57.355366+00:00
symbol,price,volume,timestamp
GOOGL,136.22,235,2026-04-19T13:26:57.455879+00:00
symbol,price,volume,timestamp
TSLA,171.35,169,2026-04-19T13:26:57.556503+00:00
symbol,price,volume,timestamp
MSFT,420.61,119,2026-04-19T13:26:57.657163+00:00
symbol,price,volume,timestamp
TSLA,171.41,131,2026-04-19T13:26:57.757801+00:00
symbol,price,volume,timestamp
MSFT,420.96,67,2026-04-19T13:26:57.858658+00:00
symbol,price,volume,timestamp
GOOGL,136.45,99,2026-04-19T13:26:57.959336+00:00
symbol,price,volume,timestamp
GOOGL,136.68,190,2026-04-19T13:26:58.060053+00:00
symbol,price,volume,timestamp
GOOGL,136.37,79,2026-04-19T13:26:58.160800+00:00
symbol,price,volume,timestamp
GOOGL,136.31,392,2026-04-19T13:26:58.261469+00:00
symbol,price,volume,timestamp
GOOGL,135.97,47,2026-04-19T13:26:58.362404+00:00
symbol,price,volume,timestamp
AAPL,180.39,59,2026-04-19T13:26:58.462994+00:00
symbol,price,volume,timestamp
GOOGL,135.6,405,2026-04-19T13:26:58.563445+00:00
symbol,price,volume,timestamp
AAPL,180.03,487,2026-04-19T13:26:58.663960+00:00
symbol,price,volume,timestamp
AAPL,180.15,339,2026-04-19T13:26:58.764597+00:00
symbol,price,volume,timestamp
AMZN,189.71,194,2026-04-19T13:26:58.865215+00:00
symbol,price,volume,timestamp
GOOGL,135.31,451,2026-04-19T13:26:58.965852+00:00
symbol,price,volume,timestamp
GOOGL,135.46,195,2026-04-19T13:26:59.066500+00:00
symbol,price,volume,timestamp
TSLA,171.66,82,2026-04-19T13:26:59.167029+00:00
symbol,price,volume,timestamp
AMZN,189.91,360,2026-04-19T13:26:59.267480+00:00
symbol,price,volume,timestamp
AMZN,190.4,150,2026-04-19T13:26:59.367944+00:00
symbol,price,volume,timestamp
GOOGL,135.02,487,2026-04-19T13:26:59.468496+00:00
symbol,price,volume,timestamp
MSFT,421.43,19,2026-04-19T13:26:59.569231+00:00
symbol,price,volume,timestamp
MSFT,421.16,149,2026-04-19T13:26:59.669844+00:00
symbol,price,volume,timestamp
TSLA,171.22,90,2026-04-19T13:26:59.770574+00:00
symbol,price,volume,timestamp
AMZN,190.01,420,2026-04-19T13:26:59.871125+00:00
symbol,price,volume,timestamp
AAPL,180.27,264,2026-04-19T13:26:59.971860+00:00
symbol,price,volume,timestamp
AMZN,190.49,360,2026-04-19T13:27:00.072700+00:00
symbol,price,volume,timestamp
AAPL,180.46,432,2026-04-19T13:27:00.173261+00:00
symbol,price,volume,timestamp
TSLA,171.18,137,2026-04-19T13:27:00.273883+00:00
symbol,price,volume,timestamp
AAPL,180.72,396,2026-04-19T13:27:00.374594+00:00
symbol,price,volume,timestamp
AMZN,190.79,151,2026-04-19T13:27:00.475212+00:00
symbol,price,volume,timestamp
GOOGL,135.44,122,2026-04-19T13:27:00.576158+00:00
symbol,price,volume,timestamp
MSFT,420.96,431,2026-04-19T13:27:00.676717+00:00
symbol,price,volume,timestamp
AAPL,180.77,369,2026-04-19T13:27:00.777468+00:00
symbol,price,volume,timestamp
TSLA,170.94,152,2026-04-19T13:27:00.878184+00:00
symbol,price,volume,timestamp
MSFT,421.22,120,2026-04-19T13:27:00.978675+00:00
symbol,price,volume,timestamp
AAPL,181.23,346,2026-04-19T13:27:01.079168+00:00
symbol,price,volume,timestamp
AMZN,190.31,11,2026-04-19T13:27:01.179788+00:00
symbol,price,volume,timestamp
TSLA,170.56,315,2026-04-19T13:27:01.280596+00:00
symbol,price,volume,timestamp
AMZN,189.85,116,2026-04-19T13:27:01.381318+00:00
symbol,price,volume,timestamp
AMZN,190.3,54,2026-04-19T13:27:01.481753+00:00
symbol,price,volume,timestamp
AMZN,190.69,32,2026-04-19T13:27:01.582205+00:00
symbol,price,volume,timestamp
AAPL,181.62,59,2026-04-19T13:27:01.682691+00:00
symbol,price,volume,timestamp
GOOGL,134.98,115,2026-04-19T13:27:01.783258+00:00
symbol,price,volume,timestamp
AMZN,190.27,356,2026-04-19T13:27:01.883696+00:00
symbol,price,volume,timestamp
AMZN,189.88,254,2026-04-19T13:27:01.984144+00:00
symbol,price,volume,timestamp
MSFT,421.26,59,2026-04-19T13:27:02.084679+00:00
symbol,price,volume,timestamp
AMZN,190.06,264,2026-04-19T13:27:02.185274+00:00
symbol,price,volume,timestamp
GOOGL,134.78,481,2026-04-19T13:27:02.285812+00:00
symbol,price,volume,timestamp
AAPL,181.57,406,2026-04-19T13:27:02.386307+00:00
symbol,price,volume,timestamp
MSFT,421.29,354,2026-04-19T13:27:02.486824+00:00
symbol,price,volume,timestamp
MSFT,421.46,225,2026-04-19T13:27:02.587410+00:00
symbol,price,volume,timestamp
MSFT,421.48,42,2026-04-19T13:27:02.688255+00:00
symbol,price,volume,timestamp
AMZN,190.06,154,2026-04-19T13:27:02.788991+00:00
symbol,price,volume,timestamp
GOOGL,135.15,276,2026-04-19T13:27:02.889634+00:00
symbol,price,volume,timestamp
GOOGL,135.0,275,2026-04-19T13:27:02.990156+00:00
symbol,price,volume,timestamp
MSFT,421.87,155,2026-04-19T13:27:03.090636+00:00
symbol,price,volume,timestamp
AMZN,189.68,31,2026-04-19T13:27:03.191211+00:00
symbol,price,volume,timestamp
TSLA,170.96,239,2026-04-19T13:27:03.291711+00:00
symbol,price,volume,timestamp
AAPL,182.04,408,2026-04-19T13:27:03.392292+00:00
symbol,price,volume,timestamp
TSLA,170.99,101,2026-04-19T13:27:03.493174+00:00
symbol,price,volume,timestamp
AAPL,182.0,416,2026-04-19T13:27:03.593767+00:00
symbol,price,volume,timestamp
AAPL,182.07,106,2026-04-19T13:27:03.694273+00:00
symbol,price,volume,timestamp
TSLA,170.83,219,2026-04-19T13:27:03.794828+00:00
symbol,price,volume,timestamp
GOOGL,135.28,455,2026-04-19T13:27:03.895386+00:00
symbol,price,volume,timestamp
AMZN,190.12,247,2026-04-19T13:27:03.995968+00:00
symbol,price,volume,timestamp
TSLA,170.94,190,2026-04-19T13:27:04.096553+00:00
symbol,price,volume,timestamp
AAPL,182.52,179,2026-04-19T13:27:04.197396+00:00
symbol,price,volume,timestamp
TSLA,170.45,45,2026-04-19T13:27:04.298039+00:00
symbol,price,volume,timestamp
GOOGL,135.29,391,2026-04-19T13:27:04.398628+00:00
symbol,price,volume,timestamp
GOOGL,135.05,204,2026-04-19T13:27:04.499464+00:00
symbol,price,volume,timestamp
AAPL,182.67,249,2026-04-19T13:27:04.600241+00:00
symbol,price,volume,timestamp
MSFT,422.01,484,2026-04-19T13:27:04.700962+00:00
symbol,price,volume,timestamp
TSLA,170.88,39,2026-04-19T13:27:04.801682+00:00
symbol,price,volume,timestamp
GOOGL,135.17,188,2026-04-19T13:27:04.902333+00:00
symbol,price,volume,timestamp
AMZN,190.55,481,2026-04-19T13:27:05.003011+00:00
symbol,price,volume,timestamp
AAPL,183.11,130,2026-04-19T13:27:05.103714+00:00
symbol,price,volume,timestamp
GOOGL,135.06,29,2026-04-19T13:27:05.204224+00:00
symbol,price,volume,timestamp
AAPL,183.32,43,2026-04-19T13:27:05.304727+00:00
symbol,price,volume,timestamp
GOOGL,135.33,344,2026-04-19T13:27:05.405259+00:00
symbol,price,volume,timestamp
MSFT,422.11,228,2026-04-19T13:27:05.505812+00:00
symbol,price,volume,timestamp
AMZN,190.35,32,2026-04-19T13:27:05.606369+00:00
symbol,price,volume,timestamp
AMZN,190.1,44,2026-04-19T13:27:05.706929+00:00
symbol,price,volume,timestamp
TSLA,171.01,30,2026-04-19T13:27:05.807537+00:00
symbol,price,volume,timestamp
TSLA,170.94,125,2026-04-19T13:27:05.908089+00:00
symbol,price,volume,timestamp
AAPL,183.56,378,2026-04-19T13:27:06.008597+00:00
symbol,price,volume,timestamp
AAPL,183.12,402,2026-04-19T13:27:06.109080+00:00
symbol,price,volume,timestamp
TSLA,170.75,350,2026-04-19T13:27:06.209627+00:00
symbol,price,volume,timestamp
MSFT,422.23,370,2026-04-19T13:27:06.310242+00:00
symbol,price,volume,timestamp
GOOGL,135.46,300,2026-04-19T13:27:06.410780+00:00
symbol,price,volume,timestamp
GOOGL,135.05,397,2026-04-19T13:27:06.511317+00:00
symbol,price,volume,timestamp
AAPL,182.95,23,2026-04-19T13:27:06.611812+00:00
symbol,price,volume,timestamp
GOOGL,135.39,254,2026-04-19T13:27:06.712388+00:00
symbol,price,volume,timestamp
MSFT,421.76,491,2026-04-19T13:27:06.813238+00:00
symbol,price,volume,timestamp
AAPL,183.26,368,2026-04-19T13:27:06.914098+00:00
symbol,price,volume,timestamp
MSFT,421.98,181,2026-04-19T13:27:07.014774+00:00
symbol,price,volume,timestamp
GOOGL,134.95,101,2026-04-19T13:27:07.115408+00:00
symbol,price,volume,timestamp
AAPL,183.49,478,2026-04-19T13:27:07.216235+00:00
symbol,price,volume,timestamp
AAPL,183.47,223,2026-04-19T13:27:07.316738+00:00
symbol,price,volume,timestamp
GOOGL,135.28,345,2026-04-19T13:27:07.417299+00:00
symbol,price,volume,timestamp
TSLA,170.48,421,2026-04-19T13:27:07.517709+00:00
symbol,price,volume,timestamp
AAPL,183.23,134,2026-04-19T13:27:07.618148+00:00
symbol,price,volume,timestamp
TSLA,170.75,443,2026-04-19T13:27:07.718838+00:00
symbol,price,volume,timestamp
GOOGL,134.98,457,2026-04-19T13:27:07.819393+00:00
symbol,price,volume,timestamp
TSLA,171.04,425,2026-04-19T13:27:07.919974+00:00
symbol,price,volume,timestamp
TSLA,171.08,460,2026-04-19T13:27:08.020629+00:00
symbol,price,volume,timestamp
AAPL,183.07,92,2026-04-19T13:27:08.121031+00:00
symbol,price,volume,timestamp
TSLA,171.1,479,2026-04-19T13:27:08.221704+00:00
symbol,price,volume,timestamp
AMZN,190.0,375,2026-04-19T13:27:08.322160+00:00
symbol,price,volume,timestamp
TSLA,170.78,138,2026-04-19T13:27:08.422739+00:00
symbol,price,volume,timestamp
AAPL,183.12,45,2026-04-19T13:27:08.523293+00:00
symbol,price,volume,timestamp
AAPL,182.75,226,2026-04-19T13:27:08.624038+00:00
symbol,price,volume,timestamp
GOOGL,135.48,140,2026-04-19T13:27:08.724619+00:00
symbol,price,volume,timestamp
AMZN,189.56,265,2026-04-19T13:27:08.825422+00:00
symbol,price,volume,timestamp
TSLA,171.12,263,2026-04-19T13:27:08.925868+00:00
symbol,price,volume,timestamp
MSFT,422.0,438,2026-04-19T13:27:09.026402+00:00
symbol,price,volume,timestamp
AMZN,189.64,98,2026-04-19T13:27:09.126962+00:00
symbol,price,volume,timestamp
TSLA,171.13,149,2026-04-19T13:27:09.227483+00:00
symbol,price,volume,timestamp
GOOGL,135.74,209,2026-04-19T13:27:09.328070+00:00
symbol,price,volume,timestamp
MSFT,421.81,479,2026-04-19T13:27:09.428801+00:00
symbol,price,volume,timestamp
AAPL,183.04,25,2026-04-19T13:27:09.529455+00:00
symbol,price,volume,timestamp
AAPL,183.23,57,2026-04-19T13:27:09.630051+00:00
symbol,price,volume,timestamp
MSFT,422.03,206,2026-04-19T13:27:09.730663+00:00
symbol,price,volume,timestamp
AAPL,183.37,35,2026-04-19T13:27:09.831208+00:00
symbol,price,volume,timestamp
AMZN,190.12,42,2026-04-19T13:27:09.931736+00:00
symbol,price,volume,timestamp
AMZN,190.16,313,2026-04-19T13:27:10.032467+00:00
symbol,price,volume,timestamp
GOOGL,135.84,96,2026-04-19T13:27:10.133096+00:00
symbol,price,volume,timestamp
MSFT,421.6,475,2026-04-19T13:27:10.233665+00:00
symbol,price,volume,timestamp
GOOGL,135.58,141,2026-04-19T13:27:10.334378+00:00
symbol,price,volume,timestamp
AAPL,183.42,429,2026-04-19T13:27:10.434884+00:00
symbol,price,volume,timestamp
GOOGL,135.46,290,2026-04-19T13:27:10.535480+00:00
symbol,price,volume,timestamp
AAPL,183.59,114,2026-04-19T13:27:10.636223+00:00
symbol,price,volume,timestamp
MSFT,421.17,248,2026-04-19T13:27:10.736942+00:00
symbol,price,volume,timestamp
MSFT,421.3,418,2026-04-19T13:27:10.837674+00:00
symbol,price,volume,timestamp
MSFT,421.02,330,2026-04-19T13:27:10.938172+00:00
symbol,price,volume,timestamp
AMZN,190.16,320,2026-04-19T13:27:11.038744+00:00
symbol,price,volume,timestamp
AMZN,189.92,257,2026-04-19T13:27:11.139373+00:00
symbol,price,volume,timestamp
TSLA,171.3,314,2026-04-19T13:27:11.240023+00:00
symbol,price,volume,timestamp
TSLA,171.4,187,2026-04-19T13:27:11.340404+00:00
symbol,price,volume,timestamp
TSLA,171.81,458,2026-04-19T13:27:11.440928+00:00
symbol,price,volume,timestamp
MSFT,421.32,456,2026-04-19T13:27:11.541571+00:00
symbol,price,volume,timestamp
AMZN,189.87,294,2026-04-19T13:27:11.642193+00:00
symbol,price,volume,timestamp
TSLA,171.66,186,2026-04-19T13:27:11.742725+00:00
symbol,price,volume,timestamp
MSFT,421.55,416,2026-04-19T13:27:11.843182+00:00
symbol,price,volume,timestamp
AAPL,183.29,445,2026-04-19T13:27:11.943647+00:00
symbol,price,volume,timestamp
AAPL,183.63,328,2026-04-19T13:27:12.044186+00:00
symbol,price,volume,timestamp
AAPL,183.72,364,2026-04-19T13:27:12.144764+00:00
symbol,price,volume,timestamp
TSLA,171.7,427,2026-04-19T13:27:12.245428+00:00
symbol,price,volume,timestamp
AAPL,184.1,355,2026-04-19T13:27:12.346371+00:00
symbol,price,volume,timestamp
AMZN,189.39,17,2026-04-19T13:27:12.446968+00:00
symbol,price,volume,timestamp
AMZN,189.03,164,2026-04-19T13:27:12.547497+00:00
symbol,price,volume,timestamp
TSLA,172.02,310,2026-04-19T13:27:12.648059+00:00
symbol,price,volume,timestamp
AMZN,188.6,268,2026-04-19T13:27:12.748604+00:00
symbol,price,volume,timestamp
TSLA,171.57,411,2026-04-19T13:27:12.849119+00:00
symbol,price,volume,timestamp
AAPL,184.41,441,2026-04-19T13:27:12.949563+00:00
symbol,price,volume,timestamp
AMZN,188.58,82,2026-04-19T13:27:13.050050+00:00
symbol,price,volume,timestamp
TSLA,171.54,354,2026-04-19T13:27:13.150576+00:00
symbol,price,volume,timestamp
GOOGL,135.37,83,2026-04-19T13:27:13.251138+00:00
symbol,price,volume,timestamp
AAPL,183.95,381,2026-04-19T13:27:13.351659+00:00
symbol,price,volume,timestamp
TSLA,171.47,255,2026-04-19T13:27:13.452126+00:00
symbol,price,volume,timestamp
AAPL,183.5,130,2026-04-19T13:27:13.552647+00:00
symbol,price,volume,timestamp
MSFT,421.38,124,2026-04-19T13:27:13.653161+00:00
symbol,price,volume,timestamp
TSLA,171.6,413,2026-04-19T13:27:13.753770+00:00
symbol,price,volume,timestamp
MSFT,421.13,452,2026-04-19T13:27:13.854301+00:00
symbol,price,volume,timestamp
AAPL,183.42,150,2026-04-19T13:27:13.954868+00:00
symbol,price,volume,timestamp
MSFT,420.98,96,2026-04-19T13:27:14.055505+00:00
symbol,price,volume,timestamp
MSFT,421.35,299,2026-04-19T13:27:14.156061+00:00
symbol,price,volume,timestamp
GOOGL,135.13,118,2026-04-19T13:27:14.256552+00:00
symbol,price,volume,timestamp
TSLA,172.01,306,2026-04-19T13:27:14.357143+00:00
symbol,price,volume,timestamp
GOOGL,134.72,437,2026-04-19T13:27:14.457778+00:00
symbol,price,volume,timestamp
TSLA,171.62,166,2026-04-19T13:27:14.558557+00:00
symbol,price,volume,timestamp
AMZN,189.01,386,2026-04-19T13:27:14.659241+00:00
symbol,price,volume,timestamp
AAPL,183.46,244,2026-04-19T13:27:14.759708+00:00
symbol,price,volume,timestamp
MSFT,421.06,46,2026-04-19T13:27:14.860225+00:00
symbol,price,volume,timestamp
TSLA,171.26,81,2026-04-19T13:27:14.960707+00:00
symbol,price,volume,timestamp
AAPL,183.22,369,2026-04-19T13:27:15.061204+00:00
symbol,price,volume,timestamp
GOOGL,134.27,183,2026-04-19T13:27:15.161703+00:00
symbol,price,volume,timestamp
AMZN,188.62,346,2026-04-19T13:27:15.262253+00:00
symbol,price,volume,timestamp
GOOGL,133.82,154,2026-04-19T13:27:15.362767+00:00
symbol,price,volume,timestamp
AAPL,183.01,435,2026-04-19T13:27:15.463256+00:00
symbol,price,volume,timestamp
MSFT,421.36,400,2026-04-19T13:27:15.563876+00:00
symbol,price,volume,timestamp
AMZN,188.45,406,2026-04-19T13:27:15.664442+00:00
symbol,price,volume,timestamp
AMZN,188.05,420,2026-04-19T13:27:15.764900+00:00
symbol,price,volume,timestamp
TSLA,171.7,497,2026-04-19T13:27:15.865357+00:00
symbol,price,volume,timestamp
GOOGL,134.06,388,2026-04-19T13:27:15.965913+00:00
symbol,price,volume,timestamp
TSLA,171.5,472,2026-04-19T13:27:16.066569+00:00
symbol,price,volume,timestamp
TSLA,171.02,337,2026-04-19T13:27:16.167234+00:00
symbol,price,volume,timestamp
AAPL,183.17,212,2026-04-19T13:27:16.267942+00:00
symbol,price,volume,timestamp
MSFT,421.84,158,2026-04-19T13:27:16.368412+00:00
symbol,price,volume,timestamp
GOOGL,133.67,111,2026-04-19T13:27:16.469109+00:00
symbol,price,volume,timestamp
TSLA,170.98,122,2026-04-19T13:27:16.569822+00:00
symbol,price,volume,timestamp
MSFT,421.86,360,2026-04-19T13:27:16.670348+00:00
symbol,price,volume,timestamp
GOOGL,133.35,61,2026-04-19T13:27:16.770797+00:00
symbol,price,volume,timestamp
TSLA,170.7,85,2026-04-19T13:27:16.871306+00:00
symbol,price,volume,timestamp
TSLA,170.3,235,2026-04-19T13:27:16.971811+00:00
symbol,price,volume,timestamp
GOOGL,133.39,241,2026-04-19T13:27:17.072377+00:00
symbol,price,volume,timestamp
TSLA,169.83,80,2026-04-19T13:27:17.172964+00:00
symbol,price,volume,timestamp
AAPL,183.46,461,2026-04-19T13:27:17.273554+00:00
symbol,price,volume,timestamp
GOOGL,133.58,271,2026-04-19T13:27:17.374115+00:00
symbol,price,volume,timestamp
MSFT,421.61,351,2026-04-19T13:27:17.474678+00:00
symbol,price,volume,timestamp
AAPL,183.01,332,2026-04-19T13:27:17.575277+00:00
symbol,price,volume,timestamp
AMZN,188.51,401,2026-04-19T13:27:17.675758+00:00
symbol,price,volume,timestamp
AAPL,183.06,141,2026-04-19T13:27:17.776266+00:00
symbol,price,volume,timestamp
AMZN,188.05,284,2026-04-19T13:27:17.876679+00:00
symbol,price,volume,timestamp
AAPL,182.88,254,2026-04-19T13:27:17.977277+00:00
symbol,price,volume,timestamp
MSFT,421.22,107,2026-04-19T13:27:18.077861+00:00
symbol,price,volume,timestamp
TSLA,170.25,125,2026-04-19T13:27:18.178480+00:00
symbol,price,volume,timestamp
AAPL,182.87,93,2026-04-19T13:27:18.278948+00:00
symbol,price,volume,timestamp
MSFT,421.31,91,2026-04-19T13:27:18.379461+00:00
symbol,price,volume,timestamp
TSLA,169.83,73,2026-04-19T13:27:18.479967+00:00
symbol,price,volume,timestamp
AMZN,187.88,71,2026-04-19T13:27:18.580563+00:00
symbol,price,volume,timestamp
MSFT,421.17,420,2026-04-19T13:27:18.681095+00:00
symbol,price,volume,timestamp
GOOGL,134.01,441,2026-04-19T13:27:18.781613+00:00
symbol,price,volume,timestamp
MSFT,421.47,470,2026-04-19T13:27:18.882053+00:00
symbol,price,volume,timestamp
MSFT,421.7,384,2026-04-19T13:27:18.982531+00:00
symbol,price,volume,timestamp
AAPL,182.8,454,2026-04-19T13:27:19.083089+00:00
symbol,price,volume,timestamp
MSFT,421.35,493,2026-04-19T13:27:19.183653+00:00
symbol,price,volume,timestamp
AAPL,183.22,318,2026-04-19T13:27:19.284232+00:00
symbol,price,volume,timestamp
MSFT,421.53,335,2026-04-19T13:27:19.384737+00:00
symbol,price,volume,timestamp
AMZN,187.9,337,2026-04-19T13:27:19.485326+00:00
symbol,price,volume,timestamp
MSFT,421.43,320,2026-04-19T13:27:19.585971+00:00
symbol,price,volume,timestamp
TSLA,169.85,290,2026-04-19T13:27:19.686660+00:00
symbol,price,volume,timestamp
MSFT,421.34,81,2026-04-19T13:27:19.787143+00:00
symbol,price,volume,timestamp
AAPL,183.33,171,2026-04-19T13:27:19.887591+00:00
symbol,price,volume,timestamp
GOOGL,133.92,186,2026-04-19T13:27:19.988141+00:00
symbol,price,volume,timestamp
MSFT,420.86,468,2026-04-19T13:27:20.088656+00:00
symbol,price,volume,timestamp
MSFT,420.46,374,2026-04-19T13:27:20.189242+00:00
symbol,price,volume,timestamp
TSLA,169.63,214,2026-04-19T13:27:20.289771+00:00
symbol,price,volume,timestamp
AMZN,187.89,132,2026-04-19T13:27:20.390292+00:00
symbol,price,volume,timestamp
GOOGL,133.56,179,2026-04-19T13:27:20.490867+00:00
symbol,price,volume,timestamp
AMZN,188.3,343,2026-04-19T13:27:20.591593+00:00
symbol,price,volume,timestamp
TSLA,169.59,426,2026-04-19T13:27:20.692181+00:00
symbol,price,volume,timestamp
AAPL,182.99,132,2026-04-19T13:27:20.792726+00:00
symbol,price,volume,timestamp
AAPL,183.42,331,2026-04-19T13:27:20.893327+00:00
symbol,price,volume,timestamp
TSLA,169.86,135,2026-04-19T13:27:20.993869+00:00
symbol,price,volume,timestamp
MSFT,420.36,34,2026-04-19T13:27:21.094414+00:00
symbol,price,volume,timestamp
AMZN,188.48,235,2026-04-19T13:27:21.194908+00:00
symbol,price,volume,timestamp
AAPL,183.78,199,2026-04-19T13:27:21.295444+00:00
symbol,price,volume,timestamp
GOOGL,133.94,79,2026-04-19T13:27:21.396061+00:00
symbol,price,volume,timestamp
AAPL,183.74,38,2026-04-19T13:27:21.496566+00:00
symbol,price,volume,timestamp
MSFT,420.35,402,2026-04-19T13:27:21.597240+00:00
symbol,price,volume,timestamp
AAPL,183.32,495,2026-04-19T13:27:21.697771+00:00
symbol,price,volume,timestamp
TSLA,170.1,49,2026-04-19T13:27:21.798248+00:00
symbol,price,volume,timestamp
MSFT,420.56,453,2026-04-19T13:27:21.898834+00:00
symbol,price,volume,timestamp
AAPL,182.93,107,2026-04-19T13:27:21.999439+00:00
symbol,price,volume,timestamp
GOOGL,133.46,457,2026-04-19T13:27:22.100181+00:00
symbol,price,volume,timestamp
TSLA,170.59,219,2026-04-19T13:27:22.200696+00:00
symbol,price,volume,timestamp
AMZN,188.75,195,2026-04-19T13:27:22.301241+00:00
symbol,price,volume,timestamp
AAPL,183.19,423,2026-04-19T13:27:22.401753+00:00
symbol,price,volume,timestamp
MSFT,420.64,407,2026-04-19T13:27:22.502351+00:00
symbol,price,volume,timestamp
AMZN,188.77,142,2026-04-19T13:27:22.602807+00:00
symbol,price,volume,timestamp
TSLA,171.05,60,2026-04-19T13:27:22.703314+00:00
symbol,price,volume,timestamp
AAPL,183.46,27,2026-04-19T13:27:22.803800+00:00
symbol,price,volume,timestamp
GOOGL,133.69,61,2026-04-19T13:27:22.904370+00:00
symbol,price,volume,timestamp
GOOGL,133.5,33,2026-04-19T13:27:23.005101+00:00
symbol,price,volume,timestamp
MSFT,420.99,386,2026-04-19T13:27:23.105605+00:00
symbol,price,volume,timestamp
AAPL,183.83,147,2026-04-19T13:27:23.206126+00:00
symbol,price,volume,timestamp
AMZN,188.59,391,2026-04-19T13:27:23.306752+00:00
symbol,price,volume,timestamp
MSFT,421.48,381,2026-04-19T13:27:23.407303+00:00
symbol,price,volume,timestamp
GOOGL,133.83,282,2026-04-19T13:27:23.507849+00:00
symbol,price,volume,timestamp
GOOGL,134.18,466,2026-04-19T13:27:23.608360+00:00
symbol,price,volume,timestamp
AMZN,188.71,139,2026-04-19T13:27:23.708899+00:00
symbol,price,volume,timestamp
GOOGL,134.32,346,2026-04-19T13:27:23.809536+00:00
symbol,price,volume,timestamp
AMZN,189.2,322,2026-04-19T13:27:23.910304+00:00
symbol,price,volume,timestamp
AMZN,189.42,176,2026-04-19T13:27:24.010856+00:00
symbol,price,volume,timestamp
TSLA,170.66,81,2026-04-19T13:27:24.111356+00:00
symbol,price,volume,timestamp
AAPL,183.77,478,2026-04-19T13:27:24.211849+00:00
symbol,price,volume,timestamp
TSLA,170.69,278,2026-04-19T13:27:24.312500+00:00
symbol,price,volume,timestamp
AMZN,189.03,347,2026-04-19T13:27:24.413102+00:00
symbol,price,volume,timestamp
GOOGL,134.74,498,2026-04-19T13:27:24.513638+00:00
symbol,price,volume,timestamp
GOOGL,134.61,263,2026-04-19T13:27:24.614208+00:00
symbol,price,volume,timestamp
MSFT,421.97,31,2026-04-19T13:27:24.714832+00:00
symbol,price,volume,timestamp
GOOGL,134.62,329,2026-04-19T13:27:24.814389+00:00
symbol,price,volume,timestamp
TSLA,170.98,474,2026-04-19T13:27:24.914937+00:00
symbol,price,volume,timestamp
TSLA,171.22,187,2026-04-19T13:27:25.015571+00:00
symbol,price,volume,timestamp
GOOGL,134.39,222,2026-04-19T13:27:25.116334+00:00
symbol,price,volume,timestamp
AAPL,184.14,59,2026-04-19T13:27:25.216981+00:00
symbol,price,volume,timestamp
MSFT,421.99,140,2026-04-19T13:27:25.317514+00:00
symbol,price,volume,timestamp
GOOGL,134.87,111,2026-04-19T13:27:25.418029+00:00
symbol,price,volume,timestamp
TSLA,171.01,194,2026-04-19T13:27:25.518578+00:00
symbol,price,volume,timestamp
GOOGL,135.37,31,2026-04-19T13:27:25.619050+00:00
symbol,price,volume,timestamp
MSFT,422.47,222,2026-04-19T13:27:25.719577+00:00
symbol,price,volume,timestamp
MSFT,422.0,153,2026-04-19T13:27:25.820090+00:00
symbol,price,volume,timestamp
TSLA,171.15,445,2026-04-19T13:27:25.920675+00:00
symbol,price,volume,timestamp
AAPL,183.87,436,2026-04-19T13:27:26.021273+00:00
symbol,price,volume,timestamp
TSLA,170.8,91,2026-04-19T13:27:26.121721+00:00
symbol,price,volume,timestamp
GOOGL,135.36,361,2026-04-19T13:27:26.222163+00:00
symbol,price,volume,timestamp
AAPL,183.66,475,2026-04-19T13:27:26.322699+00:00
symbol,price,volume,timestamp
TSLA,170.48,344,2026-04-19T13:27:26.423260+00:00
symbol,price,volume,timestamp
AAPL,183.42,13,2026-04-19T13:27:26.523854+00:00
symbol,price,volume,timestamp
MSFT,421.91,482,2026-04-19T13:27:26.624403+00:00
symbol,price,volume,timestamp
AMZN,189.12,170,2026-04-19T13:27:26.724983+00:00
symbol,price,volume,timestamp
AAPL,183.23,337,2026-04-19T13:27:26.825442+00:00
symbol,price,volume,timestamp
AAPL,183.34,388,2026-04-19T13:27:26.925927+00:00
symbol,price,volume,timestamp
MSFT,421.96,348,2026-04-19T13:27:27.026446+00:00
symbol,price,volume,timestamp
MSFT,421.61,293,2026-04-19T13:27:27.127011+00:00
symbol,price,volume,timestamp
AAPL,183.44,433,2026-04-19T13:27:27.227569+00:00
symbol,price,volume,timestamp
AMZN,188.65,439,2026-04-19T13:27:27.328220+00:00
symbol,price,volume,timestamp
AAPL,183.48,159,2026-04-19T13:27:27.428817+00:00
symbol,price,volume,timestamp
MSFT,421.88,308,2026-04-19T13:27:27.529319+00:00
symbol,price,volume,timestamp
GOOGL,135.64,455,2026-04-19T13:27:27.629855+00:00
symbol,price,volume,timestamp
AMZN,188.31,353,2026-04-19T13:27:27.730469+00:00
symbol,price,volume,timestamp
MSFT,421.85,398,2026-04-19T13:27:27.831029+00:00
symbol,price,volume,timestamp
GOOGL,135.32,37,2026-04-19T13:27:27.931582+00:00
symbol,price,volume,timestamp
MSFT,421.9,347,2026-04-19T13:27:28.032128+00:00
symbol,price,volume,timestamp
MSFT,421.47,391,2026-04-19T13:27:28.132649+00:00
symbol,price,volume,timestamp
TSLA,170.38,108,2026-04-19T13:27:28.233052+00:00
symbol,price,volume,timestamp
TSLA,170.32,403,2026-04-19T13:27:28.333557+00:00
symbol,price,volume,timestamp
GOOGL,135.52,429,2026-04-19T13:27:28.434305+00:00
symbol,price,volume,timestamp
GOOGL,135.75,37,2026-04-19T13:27:28.534948+00:00
symbol,price,volume,timestamp
GOOGL,135.44,59,2026-04-19T13:27:28.635399+00:00
symbol,price,volume,timestamp
TSLA,170.68,315,2026-04-19T13:27:28.735938+00:00
symbol,price,volume,timestamp
AMZN,188.58,149,2026-04-19T13:27:28.836557+00:00
symbol,price,volume,timestamp
MSFT,421.18,56,2026-04-19T13:27:28.937098+00:00
symbol,price,volume,timestamp
MSFT,420.98,100,2026-04-19T13:27:29.037683+00:00
symbol,price,volume,timestamp
AMZN,188.92,393,2026-04-19T13:27:29.138159+00:00
symbol,price,volume,timestamp
TSLA,170.58,475,2026-04-19T13:27:29.238817+00:00
symbol,price,volume,timestamp
GOOGL,135.03,478,2026-04-19T13:27:29.339367+00:00
symbol,price,volume,timestamp
MSFT,420.82,94,2026-04-19T13:27:29.439928+00:00
symbol,price,volume,timestamp
AAPL,183.31,55,2026-04-19T13:27:29.540499+00:00
symbol,price,volume,timestamp
AMZN,188.93,344,2026-04-19T13:27:29.640978+00:00
symbol,price,volume,timestamp
TSLA,170.69,196,2026-04-19T13:27:29.741422+00:00
symbol,price,volume,timestamp
AAPL,183.34,382,2026-04-19T13:27:29.842084+00:00
symbol,price,volume,timestamp
GOOGL,134.57,194,2026-04-19T13:27:29.942588+00:00
symbol,price,volume,timestamp
AMZN,188.49,11,2026-04-19T13:27:30.043039+00:00
symbol,price,volume,timestamp
AMZN,188.4,417,2026-04-19T13:27:30.143467+00:00
symbol,price,volume,timestamp
AMZN,188.75,358,2026-04-19T13:27:30.243881+00:00
symbol,price,volume,timestamp
AMZN,188.76,236,2026-04-19T13:27:30.344375+00:00
symbol,price,volume,timestamp
GOOGL,134.77,57,2026-04-19T13:27:30.444946+00:00
symbol,price,volume,timestamp
TSLA,171.11,452,2026-04-19T13:27:30.545477+00:00
symbol,price,volume,timestamp
AMZN,189.15,227,2026-04-19T13:27:30.646571+00:00
symbol,price,volume,timestamp
AAPL,183.45,276,2026-04-19T13:27:30.747563+00:00
symbol,price,volume,timestamp
AAPL,183.86,42,2026-04-19T13:27:30.848257+00:00
symbol,price,volume,timestamp
TSLA,171.0,105,2026-04-19T13:27:30.948862+00:00
symbol,price,volume,timestamp
GOOGL,134.64,111,2026-04-19T13:27:31.049488+00:00
symbol,price,volume,timestamp
TSLA,171.03,439,2026-04-19T13:27:31.150001+00:00
symbol,price,volume,timestamp
AMZN,189.54,49,2026-04-19T13:27:31.250672+00:00
symbol,price,volume,timestamp
MSFT,420.7,401,2026-04-19T13:27:31.351238+00:00
symbol,price,volume,timestamp
TSLA,171.41,115,2026-04-19T13:27:31.451842+00:00
symbol,price,volume,timestamp
TSLA,171.54,355,2026-04-19T13:27:31.552306+00:00
symbol,price,volume,timestamp
AAPL,183.98,375,2026-04-19T13:27:31.652815+00:00
symbol,price,volume,timestamp
GOOGL,134.35,24,2026-04-19T13:27:31.753394+00:00
symbol,price,volume,timestamp
GOOGL,134.63,406,2026-04-19T13:27:31.853922+00:00
symbol,price,volume,timestamp
GOOGL,134.98,492,2026-04-19T13:27:31.954477+00:00
symbol,price,volume,timestamp
TSLA,171.6,372,2026-04-19T13:27:32.055031+00:00
symbol,price,volume,timestamp
TSLA,171.98,231,2026-04-19T13:27:32.155577+00:00
symbol,price,volume,timestamp
TSLA,171.48,470,2026-04-19T13:27:32.256147+00:00
symbol,price,volume,timestamp
AAPL,184.04,110,2026-04-19T13:27:32.356551+00:00
symbol,price,volume,timestamp
TSLA,171.21,323,2026-04-19T13:27:32.457050+00:00
symbol,price,volume,timestamp
AMZN,189.67,294,2026-04-19T13:27:32.557606+00:00
symbol,price,volume,timestamp
MSFT,421.07,63,2026-04-19T13:27:32.658168+00:00
symbol,price,volume,timestamp
GOOGL,135.45,79,2026-04-19T13:27:32.758899+00:00
symbol,price,volume,timestamp
GOOGL,135.42,171,2026-04-19T13:27:32.859493+00:00
symbol,price,volume,timestamp
TSLA,171.43,398,2026-04-19T13:27:32.960310+00:00
symbol,price,volume,timestamp
MSFT,421.18,220,2026-04-19T13:27:33.061075+00:00
symbol,price,volume,timestamp
MSFT,421.03,45,2026-04-19T13:27:33.161647+00:00
symbol,price,volume,timestamp
MSFT,421.28,487,2026-04-19T13:27:33.262334+00:00
symbol,price,volume,timestamp
TSLA,171.68,246,2026-04-19T13:27:33.363003+00:00
symbol,price,volume,timestamp
AAPL,184.25,72,2026-04-19T13:27:33.463486+00:00
symbol,price,volume,timestamp
AAPL,183.95,358,2026-04-19T13:27:33.564066+00:00
symbol,price,volume,timestamp
AMZN,189.75,19,2026-04-19T13:27:33.664819+00:00
symbol,price,volume,timestamp
AAPL,184.33,399,2026-04-19T13:27:33.765477+00:00
symbol,price,volume,timestamp
GOOGL,134.93,125,2026-04-19T13:27:33.866012+00:00
symbol,price,volume,timestamp
TSLA,171.64,396,2026-04-19T13:27:33.966769+00:00
symbol,price,volume,timestamp
GOOGL,135.34,98,2026-04-19T13:27:34.067566+00:00
symbol,price,volume,timestamp
AAPL,184.16,419,2026-04-19T13:27:34.168155+00:00
symbol,price,volume,timestamp
TSLA,171.22,426,2026-04-19T13:27:34.268816+00:00
symbol,price,volume,timestamp
AAPL,184.18,380,2026-04-19T13:27:34.369444+00:00
symbol,price,volume,timestamp
AMZN,189.5,482,2026-04-19T13:27:34.470042+00:00
symbol,price,volume,timestamp
TSLA,170.79,434,2026-04-19T13:27:34.570564+00:00
symbol,price,volume,timestamp
AMZN,189.58,122,2026-04-19T13:27:34.671184+00:00
symbol,price,volume,timestamp
GOOGL,135.0,177,2026-04-19T13:27:34.771704+00:00
symbol,price,volume,timestamp
GOOGL,135.26,277,2026-04-19T13:27:34.872314+00:00
symbol,price,volume,timestamp
GOOGL,135.69,305,2026-04-19T13:27:34.972867+00:00
symbol,price,volume,timestamp
MSFT,421.18,364,2026-04-19T13:27:35.073407+00:00
symbol,price,volume,timestamp
MSFT,420.9,402,2026-04-19T13:27:35.173949+00:00
symbol,price,volume,timestamp
GOOGL,135.57,379,2026-04-19T13:27:35.274457+00:00
symbol,price,volume,timestamp
GOOGL,135.73,203,2026-04-19T13:27:35.375026+00:00
symbol,price,volume,timestamp
AMZN,189.57,332,2026-04-19T13:27:35.475640+00:00
symbol,price,volume,timestamp
GOOGL,136.05,410,2026-04-19T13:27:35.576338+00:00
symbol,price,volume,timestamp
MSFT,420.53,395,2026-04-19T13:27:35.676921+00:00
symbol,price,volume,timestamp
AMZN,189.43,214,2026-04-19T13:27:35.777418+00:00
symbol,price,volume,timestamp
AMZN,189.89,454,2026-04-19T13:27:35.877870+00:00
symbol,price,volume,timestamp
TSLA,170.41,221,2026-04-19T13:27:35.978352+00:00
symbol,price,volume,timestamp
GOOGL,136.22,325,2026-04-19T13:27:36.079034+00:00
symbol,price,volume,timestamp
MSFT,420.82,361,2026-04-19T13:27:36.179567+00:00
symbol,price,volume,timestamp
AMZN,189.83,354,2026-04-19T13:27:36.280106+00:00
symbol,price,volume,timestamp
GOOGL,135.78,455,2026-04-19T13:27:36.381563+00:00
symbol,price,volume,timestamp
TSLA,170.88,386,2026-04-19T13:27:36.482221+00:00
symbol,price,volume,timestamp
TSLA,170.45,201,2026-04-19T13:27:36.582738+00:00
symbol,price,volume,timestamp
GOOGL,135.89,308,2026-04-19T13:27:36.683237+00:00
symbol,price,volume,timestamp
GOOGL,136.11,433,2026-04-19T13:27:36.783791+00:00
symbol,price,volume,timestamp
GOOGL,135.94,12,2026-04-19T13:27:36.884648+00:00
symbol,price,volume,timestamp
TSLA,170.78,149,2026-04-19T13:27:36.985183+00:00
symbol,price,volume,timestamp
MSFT,421.21,477,2026-04-19T13:27:37.085711+00:00
symbol,price,volume,timestamp
AAPL,184.1,86,2026-04-19T13:27:37.186232+00:00
symbol,price,volume,timestamp
TSLA,170.45,472,2026-04-19T13:27:37.286670+00:00
symbol,price,volume,timestamp
AAPL,184.48,395,2026-04-19T13:27:37.387157+00:00
symbol,price,volume,timestamp
AAPL,184.32,150,2026-04-19T13:27:37.487709+00:00
symbol,price,volume,timestamp
MSFT,420.95,260,2026-04-19T13:27:37.588220+00:00
symbol,price,volume,timestamp
MSFT,421.23,487,2026-04-19T13:27:37.688732+00:00
symbol,price,volume,timestamp
GOOGL,135.96,121,2026-04-19T13:27:37.789289+00:00
symbol,price,volume,timestamp
TSLA,170.6,43,2026-04-19T13:27:37.889839+00:00
symbol,price,volume,timestamp
TSLA,170.42,405,2026-04-19T13:27:37.990464+00:00
symbol,price,volume,timestamp
TSLA,170.37,15,2026-04-19T13:27:38.090950+00:00
symbol,price,volume,timestamp
AAPL,184.61,440,2026-04-19T13:27:38.191599+00:00
symbol,price,volume,timestamp
AAPL,184.17,236,2026-04-19T13:27:38.292400+00:00
symbol,price,volume,timestamp
AMZN,189.83,92,2026-04-19T13:27:38.392968+00:00
symbol,price,volume,timestamp
AMZN,190.0,454,2026-04-19T13:27:38.493595+00:00
symbol,price,volume,timestamp
AAPL,183.89,335,2026-04-19T13:27:38.594252+00:00
symbol,price,volume,timestamp
TSLA,170.27,496,2026-04-19T13:27:38.694863+00:00
symbol,price,volume,timestamp
AMZN,189.9,179,2026-04-19T13:27:38.795430+00:00
symbol,price,volume,timestamp
AMZN,189.83,274,2026-04-19T13:27:38.896062+00:00
symbol,price,volume,timestamp
GOOGL,135.56,482,2026-04-19T13:27:38.996651+00:00
symbol,price,volume,timestamp
MSFT,421.71,347,2026-04-19T13:27:39.097213+00:00
symbol,price,volume,timestamp
GOOGL,135.23,466,2026-04-19T13:27:39.197759+00:00
symbol,price,volume,timestamp
TSLA,170.27,315,2026-04-19T13:27:39.298212+00:00
symbol,price,volume,timestamp
GOOGL,134.97,416,2026-04-19T13:27:39.398833+00:00
symbol,price,volume,timestamp
TSLA,170.56,314,2026-04-19T13:27:39.499408+00:00
symbol,price,volume,timestamp
TSLA,170.4,185,2026-04-19T13:27:39.600024+00:00
symbol,price,volume,timestamp
GOOGL,135.24,263,2026-04-19T13:27:39.700454+00:00
symbol,price,volume,timestamp
AAPL,183.91,154,2026-04-19T13:27:39.801037+00:00
symbol,price,volume,timestamp
AAPL,183.53,353,2026-04-19T13:27:39.901602+00:00
symbol,price,volume,timestamp
AMZN,189.81,294,2026-04-19T13:27:40.002071+00:00
symbol,price,volume,timestamp
MSFT,421.83,220,2026-04-19T13:27:40.102593+00:00
symbol,price,volume,timestamp
AMZN,189.51,248,2026-04-19T13:27:40.203099+00:00
symbol,price,volume,timestamp
TSLA,170.82,453,2026-04-19T13:27:40.303624+00:00
symbol,price,volume,timestamp
AMZN,189.01,383,2026-04-19T13:27:40.404113+00:00
symbol,price,volume,timestamp
MSFT,421.72,122,2026-04-19T13:27:40.504667+00:00
symbol,price,volume,timestamp
AMZN,188.98,392,2026-04-19T13:27:40.605131+00:00
symbol,price,volume,timestamp
AMZN,189.16,141,2026-04-19T13:27:40.705749+00:00
symbol,price,volume,timestamp
MSFT,421.81,467,2026-04-19T13:27:40.806253+00:00
symbol,price,volume,timestamp
GOOGL,135.72,165,2026-04-19T13:27:40.906839+00:00
symbol,price,volume,timestamp
AMZN,189.38,363,2026-04-19T13:27:41.007488+00:00
symbol,price,volume,timestamp
AAPL,183.66,43,2026-04-19T13:27:41.108054+00:00
symbol,price,volume,timestamp
TSLA,170.35,48,2026-04-19T13:27:41.208633+00:00
symbol,price,volume,timestamp
MSFT,421.71,178,2026-04-19T13:27:41.309244+00:00
symbol,price,volume,timestamp
AMZN,189.66,404,2026-04-19T13:27:41.409835+00:00
symbol,price,volume,timestamp
TSLA,169.97,109,2026-04-19T13:27:41.510418+00:00
symbol,price,volume,timestamp
AMZN,189.3,68,2026-04-19T13:27:41.610972+00:00
symbol,price,volume,timestamp
AAPL,183.6,25,2026-04-19T13:27:41.711530+00:00
symbol,price,volume,timestamp
MSFT,422.09,151,2026-04-19T13:27:41.812115+00:00
symbol,price,volume,timestamp
MSFT,422.25,311,2026-04-19T13:27:41.912551+00:00
symbol,price,volume,timestamp
AAPL,183.22,89,2026-04-19T13:27:42.013083+00:00
symbol,price,volume,timestamp
AMZN,189.34,15,2026-04-19T13:27:42.113569+00:00
symbol,price,volume,timestamp
GOOGL,136.09,233,2026-04-19T13:27:42.214087+00:00
symbol,price,volume,timestamp
AMZN,189.47,245,2026-04-19T13:27:42.314691+00:00
symbol,price,volume,timestamp
AMZN,189.47,248,2026-04-19T13:27:42.415196+00:00
symbol,price,volume,timestamp
MSFT,422.33,80,2026-04-19T13:27:42.515737+00:00
symbol,price,volume,timestamp
TSLA,169.94,272,2026-04-19T13:27:42.616226+00:00
symbol,price,volume,timestamp
AAPL,182.89,234,2026-04-19T13:27:42.716697+00:00
symbol,price,volume,timestamp
AAPL,182.39,377,2026-04-19T13:27:42.817172+00:00
symbol,price,volume,timestamp
GOOGL,136.56,445,2026-04-19T13:27:42.917678+00:00
symbol,price,volume,timestamp
MSFT,422.1,204,2026-04-19T13:27:43.018158+00:00
symbol,price,volume,timestamp
TSLA,169.89,103,2026-04-19T13:27:43.118701+00:00
symbol,price,volume,timestamp
AAPL,182.5,185,2026-04-19T13:27:43.219172+00:00
symbol,price,volume,timestamp
TSLA,169.78,398,2026-04-19T13:27:43.319756+00:00
symbol,price,volume,timestamp
TSLA,170.06,90,2026-04-19T13:27:43.420463+00:00
symbol,price,volume,timestamp
MSFT,421.91,242,2026-04-19T13:27:43.520958+00:00
symbol,price,volume,timestamp
AMZN,189.18,239,2026-04-19T13:27:43.621488+00:00
symbol,price,volume,timestamp
TSLA,170.49,428,2026-04-19T13:27:43.721976+00:00
symbol,price,volume,timestamp
GOOGL,136.8,409,2026-04-19T13:27:43.822432+00:00
symbol,price,volume,timestamp
GOOGL,137.05,371,2026-04-19T13:27:43.922884+00:00
symbol,price,volume,timestamp
TSLA,170.15,153,2026-04-19T13:27:44.023426+00:00
symbol,price,volume,timestamp
AMZN,189.54,123,2026-04-19T13:27:44.124031+00:00
symbol,price,volume,timestamp
AMZN,189.21,145,2026-04-19T13:27:44.224694+00:00
symbol,price,volume,timestamp
GOOGL,137.4,66,2026-04-19T13:27:44.325189+00:00
symbol,price,volume,timestamp
AAPL,182.27,26,2026-04-19T13:27:44.425637+00:00
symbol,price,volume,timestamp
TSLA,170.17,258,2026-04-19T13:27:44.526221+00:00
symbol,price,volume,timestamp
MSFT,422.15,228,2026-04-19T13:27:44.626767+00:00
symbol,price,volume,timestamp
AAPL,182.68,150,2026-04-19T13:27:44.727339+00:00
symbol,price,volume,timestamp
GOOGL,137.74,257,2026-04-19T13:27:44.827792+00:00
symbol,price,volume,timestamp
GOOGL,138.19,237,2026-04-19T13:27:44.928306+00:00
symbol,price,volume,timestamp
AMZN,189.38,375,2026-04-19T13:27:45.028843+00:00
symbol,price,volume,timestamp
AAPL,182.4,154,2026-04-19T13:27:45.129365+00:00
symbol,price,volume,timestamp
AAPL,182.61,334,2026-04-19T13:27:45.229926+00:00
symbol,price,volume,timestamp
GOOGL,137.72,438,2026-04-19T13:27:45.330482+00:00
symbol,price,volume,timestamp
MSFT,422.4,19,2026-04-19T13:27:45.431008+00:00
symbol,price,volume,timestamp
TSLA,170.55,62,2026-04-19T13:27:45.531525+00:00
symbol,price,volume,timestamp
TSLA,170.47,205,2026-04-19T13:27:45.632059+00:00
symbol,price,volume,timestamp
AMZN,188.95,116,2026-04-19T13:27:45.732682+00:00
symbol,price,volume,timestamp
TSLA,170.43,77,2026-04-19T13:27:45.833149+00:00
symbol,price,volume,timestamp
AAPL,182.32,275,2026-04-19T13:27:45.933691+00:00
symbol,price,volume,timestamp
AMZN,189.19,260,2026-04-19T13:27:46.034230+00:00
symbol,price,volume,timestamp
TSLA,170.93,194,2026-04-19T13:27:46.134675+00:00
symbol,price,volume,timestamp
GOOGL,137.69,450,2026-04-19T13:27:46.235151+00:00
symbol,price,volume,timestamp
GOOGL,138.07,249,2026-04-19T13:27:46.335634+00:00
symbol,price,volume,timestamp
AAPL,182.54,261,2026-04-19T13:27:46.436220+00:00
symbol,price,volume,timestamp
MSFT,422.61,361,2026-04-19T13:27:46.536717+00:00
symbol,price,volume,timestamp
TSLA,170.63,271,2026-04-19T13:27:46.637326+00:00
symbol,price,volume,timestamp
AMZN,188.96,358,2026-04-19T13:27:46.738005+00:00
symbol,price,volume,timestamp
AMZN,189.09,197,2026-04-19T13:27:46.838550+00:00
symbol,price,volume,timestamp
AAPL,182.86,140,2026-04-19T13:27:46.939196+00:00
symbol,price,volume,timestamp
AAPL,183.06,261,2026-04-19T13:27:47.039738+00:00
symbol,price,volume,timestamp
AMZN,188.64,220,2026-04-19T13:27:47.140361+00:00
symbol,price,volume,timestamp
MSFT,422.33,112,2026-04-19T13:27:47.240963+00:00
symbol,price,volume,timestamp
GOOGL,137.72,298,2026-04-19T13:27:47.341633+00:00
symbol,price,volume,timestamp
AMZN,188.62,365,2026-04-19T13:27:47.442156+00:00
symbol,price,volume,timestamp
AAPL,182.6,260,2026-04-19T13:27:47.542690+00:00
symbol,price,volume,timestamp
TSLA,170.84,253,2026-04-19T13:27:47.643170+00:00
symbol,price,volume,timestamp
GOOGL,137.57,493,2026-04-19T13:27:47.743585+00:00
symbol,price,volume,timestamp
AAPL,182.69,156,2026-04-19T13:27:47.844180+00:00
symbol,price,volume,timestamp
TSLA,170.41,302,2026-04-19T13:27:47.944934+00:00
symbol,price,volume,timestamp
AMZN,188.79,180,2026-04-19T13:27:48.045445+00:00
symbol,price,volume,timestamp
AAPL,182.46,283,2026-04-19T13:27:48.145933+00:00
symbol,price,volume,timestamp
TSLA,170.19,431,2026-04-19T13:27:48.246466+00:00
symbol,price,volume,timestamp
AAPL,182.08,138,2026-04-19T13:27:48.346978+00:00
symbol,price,volume,timestamp
AMZN,188.3,293,2026-04-19T13:27:48.447516+00:00
symbol,price,volume,timestamp
AAPL,182.17,266,2026-04-19T13:27:48.548226+00:00
symbol,price,volume,timestamp
MSFT,422.68,418,2026-04-19T13:27:48.649092+00:00
symbol,price,volume,timestamp
TSLA,170.38,242,2026-04-19T13:27:48.749618+00:00
symbol,price,volume,timestamp
AAPL,182.07,213,2026-04-19T13:27:48.850145+00:00
symbol,price,volume,timestamp
GOOGL,137.18,164,2026-04-19T13:27:48.950720+00:00
symbol,price,volume,timestamp
AAPL,182.18,97,2026-04-19T13:27:49.051427+00:00
symbol,price,volume,timestamp
GOOGL,137.45,56,2026-04-19T13:27:49.152080+00:00
symbol,price,volume,timestamp
MSFT,422.86,153,2026-04-19T13:27:49.252651+00:00
symbol,price,volume,timestamp
GOOGL,137.4,143,2026-04-19T13:27:49.353232+00:00
symbol,price,volume,timestamp
GOOGL,137.47,258,2026-04-19T13:27:49.453807+00:00
symbol,price,volume,timestamp
AAPL,182.29,273,2026-04-19T13:27:49.554346+00:00
symbol,price,volume,timestamp
GOOGL,137.87,176,2026-04-19T13:27:49.654899+00:00
symbol,price,volume,timestamp
AMZN,188.23,390,2026-04-19T13:27:49.755351+00:00
symbol,price,volume,timestamp
AMZN,188.66,170,2026-04-19T13:27:49.856509+00:00
symbol,price,volume,timestamp
GOOGL,138.31,193,2026-04-19T13:27:49.957403+00:00
symbol,price,volume,timestamp
AMZN,188.55,485,2026-04-19T13:27:50.057851+00:00
symbol,price,volume,timestamp
TSLA,170.51,63,2026-04-19T13:27:50.158393+00:00
symbol,price,volume,timestamp
AMZN,188.3,153,2026-04-19T13:27:50.258872+00:00
symbol,price,volume,timestamp
AMZN,188.21,433,2026-04-19T13:27:50.359422+00:00
symbol,price,volume,timestamp
TSLA,170.37,48,2026-04-19T13:27:50.459925+00:00
symbol,price,volume,timestamp
GOOGL,138.09,300,2026-04-19T13:27:50.560519+00:00
symbol,price,volume,timestamp
TSLA,170.17,270,2026-04-19T13:27:50.661014+00:00
symbol,price,volume,timestamp
AAPL,182.36,11,2026-04-19T13:27:50.761496+00:00
symbol,price,volume,timestamp
MSFT,422.94,379,2026-04-19T13:27:50.862120+00:00
symbol,price,volume,timestamp
TSLA,170.63,409,2026-04-19T13:27:50.962613+00:00
symbol,price,volume,timestamp
TSLA,170.61,367,2026-04-19T13:27:51.063105+00:00
symbol,price,volume,timestamp
TSLA,170.95,392,2026-04-19T13:27:51.163678+00:00
symbol,price,volume,timestamp
TSLA,171.26,230,2026-04-19T13:27:51.264306+00:00
symbol,price,volume,timestamp
AAPL,182.39,311,2026-04-19T13:27:51.365031+00:00
symbol,price,volume,timestamp
GOOGL,137.62,292,2026-04-19T13:27:51.465531+00:00
symbol,price,volume,timestamp
GOOGL,137.18,497,2026-04-19T13:27:51.567183+00:00
symbol,price,volume,timestamp
AMZN,187.99,181,2026-04-19T13:27:51.669713+00:00
symbol,price,volume,timestamp
AMZN,188.2,174,2026-04-19T13:27:51.770429+00:00
symbol,price,volume,timestamp
TSLA,171.75,249,2026-04-19T13:27:51.870905+00:00
symbol,price,volume,timestamp
TSLA,171.33,445,2026-04-19T13:27:51.971356+00:00
symbol,price,volume,timestamp
AAPL,181.9,166,2026-04-19T13:27:52.071949+00:00
symbol,price,volume,timestamp
AMZN,187.76,480,2026-04-19T13:27:52.172615+00:00
symbol,price,volume,timestamp
MSFT,422.97,164,2026-04-19T13:27:52.273336+00:00
symbol,price,volume,timestamp
GOOGL,137.4,163,2026-04-19T13:27:52.373817+00:00
symbol,price,volume,timestamp
TSLA,171.33,92,2026-04-19T13:27:52.474266+00:00
symbol,price,volume,timestamp
AAPL,181.84,34,2026-04-19T13:27:52.574824+00:00
symbol,price,volume,timestamp
TSLA,170.88,125,2026-04-19T13:27:52.675360+00:00
symbol,price,volume,timestamp
AAPL,181.91,63,2026-04-19T13:27:52.775970+00:00
symbol,price,volume,timestamp
AAPL,182.35,248,2026-04-19T13:27:52.876579+00:00
symbol,price,volume,timestamp
GOOGL,137.72,312,2026-04-19T13:27:52.977074+00:00
symbol,price,volume,timestamp
TSLA,171.19,260,2026-04-19T13:27:53.077533+00:00
symbol,price,volume,timestamp
MSFT,422.78,14,2026-04-19T13:27:53.178477+00:00
symbol,price,volume,timestamp
MSFT,423.05,413,2026-04-19T13:27:53.278960+00:00
symbol,price,volume,timestamp
MSFT,422.98,284,2026-04-19T13:27:53.379438+00:00
symbol,price,volume,timestamp
AAPL,182.85,155,2026-04-19T13:27:53.479965+00:00
symbol,price,volume,timestamp
MSFT,423.08,316,2026-04-19T13:27:53.580499+00:00
symbol,price,volume,timestamp
AMZN,188.13,97,2026-04-19T13:27:53.680938+00:00
symbol,price,volume,timestamp
AMZN,188.62,230,2026-04-19T13:27:53.781393+00:00
symbol,price,volume,timestamp
GOOGL,137.56,478,2026-04-19T13:27:53.881924+00:00
symbol,price,volume,timestamp
GOOGL,137.62,176,2026-04-19T13:27:53.982422+00:00
symbol,price,volume,timestamp
AMZN,188.28,234,2026-04-19T13:27:54.082974+00:00
symbol,price,volume,timestamp
MSFT,422.85,140,2026-04-19T13:27:54.183599+00:00
symbol,price,volume,timestamp
AAPL,183.16,329,2026-04-19T13:27:54.284156+00:00
symbol,price,volume,timestamp
GOOGL,137.89,100,2026-04-19T13:27:54.384762+00:00
symbol,price,volume,timestamp
TSLA,171.37,321,2026-04-19T13:27:54.485283+00:00
symbol,price,volume,timestamp
GOOGL,137.54,277,2026-04-19T13:27:54.585800+00:00
symbol,price,volume,timestamp
MSFT,422.74,439,2026-04-19T13:27:54.686306+00:00
symbol,price,volume,timestamp
GOOGL,137.58,87,2026-04-19T13:27:54.786717+00:00
symbol,price,volume,timestamp
AMZN,188.2,191,2026-04-19T13:27:54.886036+00:00
symbol,price,volume,timestamp
MSFT,423.05,396,2026-04-19T13:27:54.986603+00:00
symbol,price,volume,timestamp
MSFT,423.28,145,2026-04-19T13:27:55.087190+00:00
symbol,price,volume,timestamp
GOOGL,138.01,104,2026-04-19T13:27:55.187669+00:00
symbol,price,volume,timestamp
AAPL,182.69,118,2026-04-19T13:27:55.288195+00:00
symbol,price,volume,timestamp
GOOGL,137.92,171,2026-04-19T13:27:55.388629+00:00
symbol,price,volume,timestamp
AMZN,188.44,363,2026-04-19T13:27:55.489141+00:00
symbol,price,volume,timestamp
TSLA,171.26,397,2026-04-19T13:27:55.589624+00:00
symbol,price,volume,timestamp
TSLA,170.88,444,2026-04-19T13:27:55.690120+00:00
symbol,price,volume,timestamp
AMZN,187.95,406,2026-04-19T13:27:55.790862+00:00
symbol,price,volume,timestamp
AAPL,183.03,313,2026-04-19T13:27:55.891675+00:00
symbol,price,volume,timestamp
TSLA,171.23,372,2026-04-19T13:27:55.992104+00:00
symbol,price,volume,timestamp
AMZN,188.22,23,2026-04-19T13:27:56.092651+00:00
symbol,price,volume,timestamp
AAPL,182.87,195,2026-04-19T13:27:56.193339+00:00
symbol,price,volume,timestamp
MSFT,423.69,84,2026-04-19T13:27:56.293899+00:00
symbol,price,volume,timestamp
MSFT,424.14,439,2026-04-19T13:27:56.394481+00:00
symbol,price,volume,timestamp
TSLA,171.03,296,2026-04-19T13:27:56.495081+00:00
symbol,price,volume,timestamp
MSFT,424.41,473,2026-04-19T13:27:56.595579+00:00
symbol,price,volume,timestamp
GOOGL,137.58,483,2026-04-19T13:27:56.696093+00:00
symbol,price,volume,timestamp
GOOGL,137.84,465,2026-04-19T13:27:56.796583+00:00
symbol,price,volume,timestamp
AAPL,182.74,317,2026-04-19T13:27:56.897088+00:00
symbol,price,volume,timestamp
AMZN,188.32,383,2026-04-19T13:27:56.997663+00:00
symbol,price,volume,timestamp
AAPL,182.69,340,2026-04-19T13:27:57.098367+00:00
symbol,price,volume,timestamp
GOOGL,137.54,417,2026-04-19T13:27:57.198909+00:00
symbol,price,volume,timestamp
MSFT,424.04,452,2026-04-19T13:27:57.299560+00:00
symbol,price,volume,timestamp
AAPL,183.08,405,2026-04-19T13:27:57.400120+00:00
symbol,price,volume,timestamp
TSLA,171.1,385,2026-04-19T13:27:57.500673+00:00
symbol,price,volume,timestamp
TSLA,170.96,235,2026-04-19T13:27:57.601122+00:00
